{"cameraMode":{"drawMode":0,"name":"Shaded","section":"Shading Mode"},"sceneLighting":false,"audioPlay":false,"sceneViewState":{"m_AlwaysRefresh":false,"showFog":true,"showSkybox":false,"showFlares":true,"showImageEffects":true,"showParticleSystems":true,"showVisualEffectGraphs":true,"m_FxEnabled":true},"in2DMode":false,"pivot":{"x":-8.630804061889649,"y":23.19678497314453,"z":1.0463892221450806},"rotation":{"x":0.028994916006922723,"y":0.9162684679031372,"z":-0.06746730208396912,"w":0.39377862215042117},"size":2.2555809020996095,"orthographic":true}