{"cameraMode":{"drawMode":0,"name":"Shaded","section":"Shading Mode"},"sceneLighting":false,"audioPlay":false,"sceneViewState":{"m_AlwaysRefresh":false,"showFog":true,"showSkybox":false,"showFlares":true,"showImageEffects":true,"showParticleSystems":true,"showVisualEffectGraphs":true,"m_FxEnabled":true},"in2DMode":false,"pivot":{"x":-0.06711798906326294,"y":-0.23957468569278718,"z":10.876190185546875},"rotation":{"x":0.086130790412426,"y":0.7495676279067993,"z":-0.09952215105295181,"w":0.6487166881561279},"size":4.217257499694824,"orthographic":false}